id,id_maquina,id_operador,fecha,turno,uploaded_at,created_at
01123406-f6e1-46f2-b749-708ac1803e8d,10003,600,2026-04-21,Mañana,2026-04-19 21:49:17.894876+00,2026-04-19 21:49:17.894876+00
01fa7ed2-e6d2-419b-90e0-78d2d9dd0dc4,9996,511,2026-04-20,Mañana,2026-04-19 21:49:17.894876+00,2026-04-19 21:49:17.894876+00
02303ea2-cc8c-4f8a-98db-c8777e952d9b,9998,501,2026-04-21,Noche,2026-04-19 21:49:17.894876+00,2026-04-19 21:49:17.894876+00
031c99b1-8999-4991-ab3f-8d06ec4f1e05,MAQ-9758,613,2026-04-27,Noche,2026-04-26 05:17:30.05015+00,2026-04-26 05:17:30.05015+00
03d785b1-7a67-4e72-b4fb-c18df49b98a5,MAQ-9758,615,2026-04-28,Noche,2026-04-26 05:17:30.05015+00,2026-04-26 05:17:30.05015+00
03e3b2cf-7687-4e52-b29f-cb0c3c35af71,9993,604,2026-04-29,Mañana,2026-04-26 05:17:30.05015+00,2026-04-26 05:17:30.05015+00
04bfee6f-8903-4707-9500-1930b05280a6,9999,504,2026-05-01,Noche,2026-04-26 05:17:30.05015+00,2026-04-26 05:17:30.05015+00
04f2e2bf-1b80-4122-8370-30b25fc32fe5,9996,509,2026-04-20,Noche,2026-04-19 21:49:17.894876+00,2026-04-19 21:49:17.894876+00
0511e94a-1d41-48cc-8842-1b96c1ece03a,9993,602,2026-04-30,Noche,2026-04-26 05:17:30.05015+00,2026-04-26 05:17:30.05015+00
05c02e91-f2f7-4afc-ab05-bacbb1de16ec,9995,511,2026-04-29,Mañana,2026-04-26 05:17:30.05015+00,2026-04-26 05:17:30.05015+00
05c19fd0-2575-479f-abd3-cddff7865912,9998,501,2026-04-28,Mañana,2026-04-26 05:17:30.05015+00,2026-04-26 05:17:30.05015+00
05eff508-6682-46ed-bb7e-dc843f1a2ec4,10001,507,2026-04-20,Mañana,2026-04-19 21:49:17.894876+00,2026-04-19 21:49:17.894876+00
0631d9ce-a0e6-42fd-870e-3b372bc9da02,MAQ-5357,613,2026-04-22,Noche,2026-04-19 21:49:17.894876+00,2026-04-19 21:49:17.894876+00
066b8e83-de7b-4d55-b965-1aa7c3058acd,MAQ-5357,605,2026-04-30,Mañana,2026-04-26 05:17:30.05015+00,2026-04-26 05:17:30.05015+00
06fbe898-7613-4fc8-bb1c-c2fe9941f60b,9992,609,2026-04-26,Mañana,2026-04-19 21:49:17.894876+00,2026-04-19 21:49:17.894876+00
0727754c-7bfe-4149-af2b-2bc1847df955,10000,502,2026-04-25,Mañana,2026-04-19 21:49:17.894876+00,2026-04-19 21:49:17.894876+00
0769a039-2ccf-4141-9115-92f0f166f28e,9995,510,2026-04-27,Noche,2026-04-26 05:17:30.05015+00,2026-04-26 05:17:30.05015+00
07eb8022-fc24-4c4f-b407-82589f8cf555,10004,512,2026-04-22,Tarde,2026-04-19 21:49:18.097141+00,2026-04-19 21:49:18.097141+00
08e5349f-e31a-4fd7-87ba-8aff8786e6d1,MAQ-9758,613,2026-04-23,Noche,2026-04-19 21:49:17.894876+00,2026-04-19 21:49:17.894876+00
096765fc-3369-4545-b495-e153170e9bb2,9993,505,2026-04-24,Mañana,2026-04-19 21:49:17.894876+00,2026-04-19 21:49:17.894876+00
096f2086-15a0-418e-a35a-26248cb181b4,9995,509,2026-04-23,Noche,2026-04-19 21:49:17.894876+00,2026-04-19 21:49:17.894876+00
09779309-c64e-4719-81ff-a78a0ca95349,MAQ-5357,608,2026-04-25,Tarde,2026-04-19 21:49:17.894876+00,2026-04-19 21:49:17.894876+00
0aa545f7-5576-4d47-b49f-d0602070d27f,9994,612,2026-05-01,Mañana,2026-04-26 05:17:30.05015+00,2026-04-26 05:17:30.05015+00
0b6746ce-f9b2-45b1-b126-a6cec96fae0f,9991,616,2026-04-26,Noche,2026-04-19 21:49:17.894876+00,2026-04-19 21:49:17.894876+00
0c312850-7121-4dad-9da9-11ccd2449681,9994,601,2026-04-28,Tarde,2026-04-26 05:17:30.05015+00,2026-04-26 05:17:30.05015+00
0c3195b2-9f08-4b0c-8035-7d9f263859ae,9992,610,2026-05-01,Mañana,2026-04-26 05:17:30.05015+00,2026-04-26 05:17:30.05015+00
0cc9af3c-6408-4a15-8d2e-b828f8ec1ac2,9993,617,2026-05-01,Mañana,2026-04-26 05:17:30.05015+00,2026-04-26 05:17:30.05015+00
0d6ca765-3464-402a-8f9e-c4bbd50ea507,10003,601,2026-04-29,Tarde,2026-04-26 05:17:30.05015+00,2026-04-26 05:17:30.05015+00
0d7c7986-6283-406d-8584-c6efdc2a0ede,9994,600,2026-04-21,Mañana,2026-04-19 21:49:17.894876+00,2026-04-19 21:49:17.894876+00
0db177e9-1add-4951-93d4-8a2487b9fe26,9994,601,2026-04-26,Mañana,2026-04-19 21:49:17.894876+00,2026-04-19 21:49:17.894876+00
0e111cc3-c2e8-4550-ba99-5f3510a82cc9,10003,601,2026-04-28,Tarde,2026-04-26 05:17:30.05015+00,2026-04-26 05:17:30.05015+00
0e23577e-c5ca-4010-808b-f10bdc38bd89,9994,601,2026-04-21,Noche,2026-04-19 21:49:17.894876+00,2026-04-19 21:49:17.894876+00
0eb146d3-4085-489c-9aa0-c8343bd05ca0,9997,514,2026-04-24,Noche,2026-04-19 21:49:18.097141+00,2026-04-19 21:49:18.097141+00
0ee73c13-b8f5-4385-bc3c-868875cc4110,9991,609,2026-04-20,Mañana,2026-04-19 21:49:17.894876+00,2026-04-19 21:49:17.894876+00
0f6f970b-6641-42d1-89b2-e5e0f1b5f138,10000,502,2026-04-20,Mañana,2026-04-19 21:49:17.894876+00,2026-04-19 21:49:17.894876+00
0fa6ba89-749f-4141-8744-4e0118fb5153,9996,513,2026-04-24,Mañana,2026-04-19 21:49:18.097141+00,2026-04-19 21:49:18.097141+00
0ff093dd-ffe9-4a73-aa8c-44670d117f72,10004,514,2026-04-24,Noche,2026-04-19 21:49:18.097141+00,2026-04-19 21:49:18.097141+00
10526f75-1c6b-4ffc-a8ab-014b7e830306,10002,513,2026-04-27,Noche,2026-04-26 05:17:30.05015+00,2026-04-26 05:17:30.05015+00
1258af91-c4ae-41dc-81c2-fc77f6656062,9994,612,2026-04-30,Mañana,2026-04-26 05:17:30.05015+00,2026-04-26 05:17:30.05015+00
12f1ce80-2bd3-4633-866f-3d0ad8166667,9993,505,2026-04-28,Mañana,2026-04-26 05:17:30.05015+00,2026-04-26 05:17:30.05015+00
1303712b-3246-44bf-b432-a53de302651e,10000,501,2026-04-27,Mañana,2026-04-26 05:17:30.05015+00,2026-04-26 05:17:30.05015+00
138806d7-2eaa-445b-a755-a08b025ae338,MAQ-5357,605,2026-04-21,Mañana,2026-04-19 21:49:17.894876+00,2026-04-19 21:49:17.894876+00
155d853b-30b1-4703-bb40-c69170dfa702,9992,614,2026-04-21,Mañana,2026-04-19 21:49:17.894876+00,2026-04-19 21:49:17.894876+00
1602f62e-305b-448e-acd5-9282fda7a234,9991,604,2026-05-01,Mañana,2026-04-26 05:17:30.05015+00,2026-04-26 05:17:30.05015+00
1606f60d-ee21-42f6-87b7-f45355fd43b1,10001,507,2026-04-30,Tarde,2026-04-26 05:17:30.05015+00,2026-04-26 05:17:30.05015+00
162a83e3-3b91-467a-a328-1de0303f943d,9992,610,2026-04-21,Noche,2026-04-19 21:49:17.894876+00,2026-04-19 21:49:17.894876+00
168b2183-78cf-4609-b618-60eb91352738,10003,617,2026-04-20,Mañana,2026-04-19 21:49:17.894876+00,2026-04-19 21:49:17.894876+00
171e3195-bd86-41ef-9ea7-881c724f7935,9997,512,2026-04-29,Mañana,2026-04-26 05:17:30.322489+00,2026-04-26 05:17:30.322489+00
1736deb6-2127-40e1-965c-db89900ff629,10004,512,2026-04-28,Mañana,2026-04-26 05:17:30.05015+00,2026-04-26 05:17:30.05015+00
1743db31-d7d2-4c4f-86f4-5cb824bf8166,9997,513,2026-04-21,Mañana,2026-04-19 21:49:18.097141+00,2026-04-19 21:49:18.097141+00
194c10e5-198c-4502-952d-032f0f888af3,9994,600,2026-04-23,Mañana,2026-04-19 21:49:17.894876+00,2026-04-19 21:49:17.894876+00
195c1c91-7844-4c14-ab08-41dcc4dcebdf,9998,502,2026-04-25,Mañana,2026-04-19 21:49:17.894876+00,2026-04-19 21:49:17.894876+00
1985c0ed-6018-4428-97b4-30a0ccbd0122,9993,505,2026-04-22,Mañana,2026-04-19 21:49:17.894876+00,2026-04-19 21:49:17.894876+00
1a107ed9-b91f-4574-8715-2409c09bee70,10003,602,2026-04-23,Tarde,2026-04-19 21:49:17.894876+00,2026-04-19 21:49:17.894876+00
1a6c98f8-5025-443a-b503-7dcb0aa81871,9996,510,2026-04-27,Noche,2026-04-26 05:17:30.05015+00,2026-04-26 05:17:30.05015+00
1aca7cce-222b-456f-b735-0660be6e892d,9997,512,2026-04-22,Tarde,2026-04-19 21:49:18.097141+00,2026-04-19 21:49:18.097141+00
1ca28a6b-99b8-4cce-931c-3171e05df42a,9992,610,2026-04-29,Mañana,2026-04-26 05:17:30.05015+00,2026-04-26 05:17:30.05015+00
1cdaa036-4d1b-4f31-978e-c68694003b07,9993,503,2026-04-22,Noche,2026-04-19 21:49:17.894876+00,2026-04-19 21:49:17.894876+00
1d8d563b-5c81-455a-a964-7250bf75c825,10003,601,2026-04-27,Mañana,2026-04-26 05:17:30.05015+00,2026-04-26 05:17:30.05015+00
1daaac69-3338-465f-ba0e-2068f60cb641,9991,609,2026-04-30,Tarde,2026-04-26 05:17:30.05015+00,2026-04-26 05:17:30.05015+00
1ddecd8b-d682-4221-a224-3b8981460c4b,9999,504,2026-04-23,Tarde,2026-04-19 21:49:17.894876+00,2026-04-19 21:49:17.894876+00
1df066d8-c70c-4cfd-943d-6018db4b73ca,9997,512,2026-05-01,Mañana,2026-04-26 05:17:30.322489+00,2026-04-26 05:17:30.322489+00
1df7c7f8-e604-4140-a469-ab20fdfcea1b,MAQ-9758,615,2026-04-26,Mañana,2026-04-19 21:49:17.894876+00,2026-04-19 21:49:17.894876+00
1dfd5e71-ad79-4682-a09f-b7cfe87d348e,MAQ-5357,608,2026-04-28,Mañana,2026-04-26 05:17:30.05015+00,2026-04-26 05:17:30.05015+00
1e17e9de-6a9b-4309-9b4f-8d683b249e11,10001,507,2026-04-29,Tarde,2026-04-26 05:17:30.05015+00,2026-04-26 05:17:30.05015+00
1e3915b4-45a8-40c3-a11b-9bc9ef21c742,9993,504,2026-04-29,Tarde,2026-04-26 05:17:30.05015+00,2026-04-26 05:17:30.05015+00
1e6f7e3a-2736-4c8e-9422-a73b9f3d93c0,10003,600,2026-04-27,Noche,2026-04-26 05:17:30.05015+00,2026-04-26 05:17:30.05015+00
1ebf5216-28ec-4eb8-9ac8-5e842e328aa1,10002,512,2026-04-29,Mañana,2026-04-26 05:17:30.322489+00,2026-04-26 05:17:30.322489+00
1f2aee10-eee9-4070-96ac-1c0efbd5ba5c,10004,513,2026-04-20,Mañana,2026-04-19 21:49:18.097141+00,2026-04-19 21:49:18.097141+00
1f98cbb4-70ee-4670-8b69-d53dc5c48062,9993,505,2026-04-30,Mañana,2026-04-26 05:17:30.05015+00,2026-04-26 05:17:30.05015+00
1fc64166-a3d6-4165-9e56-c9d9c83c605c,9996,509,2026-04-28,Tarde,2026-04-26 05:17:30.05015+00,2026-04-26 05:17:30.05015+00
20a2200e-dbab-4979-a983-e4ca5a61b860,10004,514,2026-04-23,Noche,2026-04-19 21:49:18.097141+00,2026-04-19 21:49:18.097141+00
225d9c2e-37e3-42b5-8392-09e8e0d7755d,9991,602,2026-04-28,Tarde,2026-04-26 05:17:30.05015+00,2026-04-26 05:17:30.05015+00
22d29311-b08c-4779-a34b-37758707533a,9998,501,2026-04-23,Noche,2026-04-19 21:49:17.894876+00,2026-04-19 21:49:17.894876+00
22e83b1b-7204-44da-b73a-d5e379d55c05,9994,612,2026-04-26,Noche,2026-04-19 21:49:17.894876+00,2026-04-19 21:49:17.894876+00
23109087-a291-487a-81d1-6805ff18a4d5,9991,617,2026-04-21,Tarde,2026-04-19 21:49:17.894876+00,2026-04-19 21:49:17.894876+00
24717ae6-8684-4e91-be2f-c4127a724f39,9997,513,2026-04-22,Mañana,2026-04-19 21:49:18.097141+00,2026-04-19 21:49:18.097141+00
26906ebc-ccbb-4234-9bcd-5238a112a48a,10002,514,2026-04-22,Noche,2026-04-19 21:49:18.097141+00,2026-04-19 21:49:18.097141+00
26c58dd4-dfe3-4d0a-94bc-98cb6541ee8c,9996,509,2026-04-27,Mañana,2026-04-26 05:17:30.05015+00,2026-04-26 05:17:30.05015+00
27051dff-58f6-4821-a8cf-63b8881a1422,10000,500,2026-04-22,Tarde,2026-04-19 21:49:17.894876+00,2026-04-19 21:49:17.894876+00
2808e4bb-54fc-4ecd-80eb-7fad756cd7bc,MAQ-5357,605,2026-04-29,Tarde,2026-04-26 05:17:30.05015+00,2026-04-26 05:17:30.05015+00
28613495-5b3d-4750-9dea-6c36f60945d7,9993,503,2026-04-30,Noche,2026-04-26 05:17:30.05015+00,2026-04-26 05:17:30.05015+00
296756fb-db1e-41bb-a443-d8ac090593eb,9993,505,2026-04-29,Mañana,2026-04-26 05:17:30.05015+00,2026-04-26 05:17:30.05015+00
298726bb-d201-4c77-aed5-819c3aa871b3,10003,612,2026-04-30,Mañana,2026-04-26 05:17:30.05015+00,2026-04-26 05:17:30.05015+00
2c399471-9b17-403d-9069-2fa7eb4b523b,MAQ-9758,605,2026-04-21,Mañana,2026-04-19 21:49:17.894876+00,2026-04-19 21:49:17.894876+00
2c7ac217-cccc-4383-bd75-bd5de06ec488,10004,512,2026-04-20,Tarde,2026-04-19 21:49:18.097141+00,2026-04-19 21:49:18.097141+00
2e638de3-a49d-4dd8-b306-03fbc24b06d7,10001,506,2026-04-20,Noche,2026-04-19 21:49:17.894876+00,2026-04-19 21:49:17.894876+00
2e8ff2e2-c309-483b-8ecc-a45425da4809,MAQ-5357,608,2026-04-22,Tarde,2026-04-19 21:49:17.894876+00,2026-04-19 21:49:17.894876+00
2ea34c5d-b734-4e64-a7bb-bae2f23fb14d,9996,513,2026-04-25,Mañana,2026-04-19 21:49:18.097141+00,2026-04-19 21:49:18.097141+00
2ee3a474-d37a-46cc-b808-a5eedbaf3e0e,9999,505,2026-04-28,Mañana,2026-04-26 05:17:30.05015+00,2026-04-26 05:17:30.05015+00
2f00db3b-1a6a-4f99-a735-eaf3737674dd,9991,610,2026-04-25,Noche,2026-04-19 21:49:17.894876+00,2026-04-19 21:49:17.894876+00
2f1e1740-5bdb-46fc-833b-1c76ca180da8,9999,505,2026-04-24,Mañana,2026-04-19 21:49:17.894876+00,2026-04-19 21:49:17.894876+00
2fe8437d-725d-436f-8d19-7c1e7e73a9a9,9997,514,2026-04-22,Noche,2026-04-19 21:49:18.097141+00,2026-04-19 21:49:18.097141+00
3053df7a-0a56-4183-a7b6-7fbc78f5101d,10004,512,2026-04-30,Mañana,2026-04-26 05:17:30.322489+00,2026-04-26 05:17:30.322489+00
306718a2-6eb1-4df8-978b-a4abfbe37bcf,9996,510,2026-04-28,Noche,2026-04-26 05:17:30.05015+00,2026-04-26 05:17:30.05015+00
30ff8c78-e428-4551-8fce-8d900e8a3ffa,10002,512,2026-04-20,Tarde,2026-04-19 21:49:18.097141+00,2026-04-19 21:49:18.097141+00
320a5985-41e0-4fdf-84ff-74a838041c5e,10001,506,2026-04-23,Noche,2026-04-19 21:49:17.894876+00,2026-04-19 21:49:17.894876+00
327a08b8-0596-4cea-9fed-8c5b417011ab,10001,506,2026-04-22,Noche,2026-04-19 21:49:17.894876+00,2026-04-19 21:49:17.894876+00
329e1e7e-c28b-4521-92f3-3f48d70a78a0,MAQ-5357,613,2026-04-21,Noche,2026-04-19 21:49:17.894876+00,2026-04-19 21:49:17.894876+00
33003a95-9b17-4650-a915-d1c7b66a9f8a,9991,614,2026-04-29,Tarde,2026-04-26 05:17:30.05015+00,2026-04-26 05:17:30.05015+00
33003dd7-7040-47f3-b3ef-3c82db12ca29,10000,501,2026-04-30,Mañana,2026-04-26 05:17:30.05015+00,2026-04-26 05:17:30.05015+00
33178f7c-0447-4f8e-864c-ca4e783a47fb,9999,505,2026-04-23,Mañana,2026-04-19 21:49:17.894876+00,2026-04-19 21:49:17.894876+00
335301eb-961f-407e-b12e-fe6151437663,9999,505,2026-04-27,Mañana,2026-04-26 05:17:30.05015+00,2026-04-26 05:17:30.05015+00
33b35b5d-92d7-4ede-9c43-26cd263b5bb6,10000,502,2026-04-22,Mañana,2026-04-19 21:49:17.894876+00,2026-04-19 21:49:17.894876+00
343fe1f1-df77-4572-9874-7eaf0dec9b30,MAQ-5357,615,2026-04-30,Noche,2026-04-26 05:17:30.05015+00,2026-04-26 05:17:30.05015+00
3461675f-8a45-4337-9f18-afab03cb196f,10001,508,2026-04-30,Noche,2026-04-26 05:17:30.05015+00,2026-04-26 05:17:30.05015+00
35c5ccb3-f514-4620-92ff-3f63f6baf364,9995,509,2026-04-27,Mañana,2026-04-26 05:17:30.05015+00,2026-04-26 05:17:30.05015+00
35cb6312-e8a7-405f-973d-2c3a0c2dc904,9997,513,2026-04-27,Noche,2026-04-26 05:17:30.05015+00,2026-04-26 05:17:30.05015+00
36560347-5da6-43a3-89f5-4d9f93b13206,MAQ-5357,615,2026-04-20,Mañana,2026-04-19 21:49:17.894876+00,2026-04-19 21:49:17.894876+00
36909c31-5cbe-4188-a407-63c3d8f19f9a,MAQ-9758,608,2026-04-25,Tarde,2026-04-19 21:49:17.894876+00,2026-04-19 21:49:17.894876+00
36c35a9a-3625-47c3-98af-79af3a6d1d60,10001,506,2026-04-30,Mañana,2026-04-26 05:17:30.05015+00,2026-04-26 05:17:30.05015+00
371a746a-f8b1-4082-ac8a-9869ded7a117,10001,506,2026-04-21,Noche,2026-04-19 21:49:17.894876+00,2026-04-19 21:49:17.894876+00
376f2a94-e037-4ab4-9a43-4319df4d6f1a,9994,601,2026-04-27,Mañana,2026-04-26 05:17:30.05015+00,2026-04-26 05:17:30.05015+00
3789c283-c6e1-4deb-8749-ef406f2b0f19,10003,601,2026-05-01,Tarde,2026-04-26 05:17:30.05015+00,2026-04-26 05:17:30.05015+00
378e0eb4-7044-4f63-848e-336dadbff8cf,9995,509,2026-04-29,Tarde,2026-04-26 05:17:30.05015+00,2026-04-26 05:17:30.05015+00
37ebc0c8-2334-410f-9e5c-660016a79475,10003,602,2026-04-24,Tarde,2026-04-19 21:49:17.894876+00,2026-04-19 21:49:17.894876+00
38d99a0c-38b8-49cd-b0af-ae99bf65fbd9,10004,513,2026-04-27,Noche,2026-04-26 05:17:30.05015+00,2026-04-26 05:17:30.05015+00
39254a02-9c01-41c4-b218-3afc9019c2ce,9993,503,2026-04-29,Noche,2026-04-26 05:17:30.05015+00,2026-04-26 05:17:30.05015+00
3a21e4ff-89fa-4ebc-90d3-3a5398e65e44,10004,514,2026-04-22,Noche,2026-04-19 21:49:18.097141+00,2026-04-19 21:49:18.097141+00
3a3adada-ee1e-4fdf-9e37-2aedda47ed86,9995,511,2026-04-22,Mañana,2026-04-19 21:49:17.894876+00,2026-04-19 21:49:17.894876+00
3b360158-9511-4bf4-9082-3004b3a4c64a,9995,511,2026-04-28,Mañana,2026-04-26 05:17:30.05015+00,2026-04-26 05:17:30.05015+00
3b65ad45-4296-4f93-b42d-3014f1eaf259,9993,503,2026-04-20,Noche,2026-04-19 21:49:17.894876+00,2026-04-19 21:49:17.894876+00
3bcac1d5-7966-4b36-950c-445942f6471d,9999,504,2026-04-29,Tarde,2026-04-26 05:17:30.05015+00,2026-04-26 05:17:30.05015+00
3ca9de81-1027-4e56-bb48-9048795a68e7,9992,609,2026-04-27,Mañana,2026-04-26 05:17:30.05015+00,2026-04-26 05:17:30.05015+00
3d4f3b54-3281-42ca-b16e-34bc96b41990,9993,504,2026-04-30,Tarde,2026-04-26 05:17:30.05015+00,2026-04-26 05:17:30.05015+00
3dc0263a-9dd1-4a38-982a-560e24dcbbe9,MAQ-9758,613,2026-04-25,Noche,2026-04-19 21:49:17.894876+00,2026-04-19 21:49:17.894876+00
3dfab9b8-2f22-4afd-ae0c-ee70304ff0b5,10001,507,2026-04-27,Noche,2026-04-26 05:17:30.05015+00,2026-04-26 05:17:30.05015+00
3ee36ae3-b723-4caa-88a5-3d03829b39fc,10002,513,2026-04-20,Mañana,2026-04-19 21:49:18.097141+00,2026-04-19 21:49:18.097141+00
3f1d3f3f-bf25-4a91-af9a-cea92e1b2967,9997,512,2026-04-20,Tarde,2026-04-19 21:49:18.097141+00,2026-04-19 21:49:18.097141+00
3fbde218-1ae8-4f30-8f0b-e03333f7c53b,10004,513,2026-04-29,Noche,2026-04-26 05:17:30.05015+00,2026-04-26 05:17:30.05015+00
410c4c3d-de76-4afa-a3bc-b6681198136c,10000,502,2026-04-23,Mañana,2026-04-19 21:49:17.894876+00,2026-04-19 21:49:17.894876+00
415de7dc-7f4d-4fdf-b5a0-48e8be3b12cf,MAQ-9758,613,2026-04-26,Noche,2026-04-19 21:49:17.894876+00,2026-04-19 21:49:17.894876+00
426f07e1-001d-4761-be27-6241fddd7fe8,9995,510,2026-04-28,Noche,2026-04-26 05:17:30.05015+00,2026-04-26 05:17:30.05015+00
44e4c63e-79e8-4238-9978-de26294d08d9,9995,509,2026-04-30,Tarde,2026-04-26 05:17:30.05015+00,2026-04-26 05:17:30.05015+00
452637b4-e339-4e3c-ae9b-8c42bd1b2e63,MAQ-9758,613,2026-04-29,Mañana,2026-04-26 05:17:30.05015+00,2026-04-26 05:17:30.05015+00
46f1a520-2238-40c1-97c0-568be0bcf823,9998,500,2026-04-20,Tarde,2026-04-19 21:49:17.894876+00,2026-04-19 21:49:17.894876+00
47876152-4be0-4bd8-93c4-8a9b7ad356bb,9999,504,2026-04-27,Tarde,2026-04-26 05:17:30.05015+00,2026-04-26 05:17:30.05015+00
478ec5f1-7852-4383-b4c0-b9656eb1e7dc,9994,601,2026-04-29,Tarde,2026-04-26 05:17:30.05015+00,2026-04-26 05:17:30.05015+00
47c30d98-db1b-4c17-bf02-2e9772937a78,9992,609,2026-04-21,Tarde,2026-04-19 21:49:17.894876+00,2026-04-19 21:49:17.894876+00
47e4ea04-a26d-490a-ab2f-26a25d3253ef,9999,503,2026-04-22,Noche,2026-04-19 21:49:17.894876+00,2026-04-19 21:49:17.894876+00
48dd50b9-e641-4ef6-955d-33845344da82,MAQ-9758,605,2026-04-23,Mañana,2026-04-19 21:49:17.894876+00,2026-04-19 21:49:17.894876+00
49bd1d35-69f5-406a-897d-3420cca89858,9999,504,2026-04-20,Mañana,2026-04-19 21:49:17.894876+00,2026-04-19 21:49:17.894876+00
4a5092d1-eac6-464a-abb5-aa637d39f69d,10004,513,2026-04-21,Mañana,2026-04-19 21:49:18.097141+00,2026-04-19 21:49:18.097141+00
4aae4ed8-95cd-497f-9165-29292567e5d6,9998,501,2026-04-22,Noche,2026-04-19 21:49:17.894876+00,2026-04-19 21:49:17.894876+00
4d0fe9da-dddc-4974-93b1-34f7a9fef11d,10002,514,2026-04-21,Noche,2026-04-19 21:49:18.097141+00,2026-04-19 21:49:18.097141+00
4d477470-453b-48eb-8233-0fbb1881a439,9999,504,2026-04-28,Tarde,2026-04-26 05:17:30.05015+00,2026-04-26 05:17:30.05015+00
4da8bbf5-3eeb-4891-929c-a5513018b67b,10001,508,2026-04-21,Tarde,2026-04-19 21:49:17.894876+00,2026-04-19 21:49:17.894876+00
4eb4683c-8e0d-4b88-89f2-a8e9272c892b,10002,512,2026-04-27,Mañana,2026-04-26 05:17:30.05015+00,2026-04-26 05:17:30.05015+00
5052cae2-5b2e-4779-80ef-9f591cfa71a2,9993,505,2026-04-25,Mañana,2026-04-19 21:49:17.894876+00,2026-04-19 21:49:17.894876+00
5059bc04-d177-496c-a506-28bc0cc0d38d,10001,508,2026-04-27,Mañana,2026-04-26 05:17:30.05015+00,2026-04-26 05:17:30.05015+00
50c04c7c-9c63-43d7-9f04-8f1cd86d2eda,10002,513,2026-04-22,Mañana,2026-04-19 21:49:18.097141+00,2026-04-19 21:49:18.097141+00
50ec4072-8f11-4b2f-9cd0-2aec1c815397,9994,601,2026-04-22,Noche,2026-04-19 21:49:17.894876+00,2026-04-19 21:49:17.894876+00
520a33c2-caa1-41a4-a591-cf17612d43f6,9999,503,2026-04-27,Noche,2026-04-26 05:17:30.05015+00,2026-04-26 05:17:30.05015+00
52637400-1f0a-448f-b514-40d7e930fd10,9991,617,2026-04-30,Mañana,2026-04-26 05:17:30.05015+00,2026-04-26 05:17:30.05015+00
5429271b-e156-4925-bbea-262567b342fd,MAQ-9758,605,2026-04-30,Mañana,2026-04-26 05:17:30.05015+00,2026-04-26 05:17:30.05015+00
5429d590-35d9-4225-ac41-89a9d1dede60,9993,617,2026-04-28,Mañana,2026-04-26 05:17:30.05015+00,2026-04-26 05:17:30.05015+00
544ccbd0-5d2e-4f07-93d1-4017615dc227,10003,612,2026-04-29,Mañana,2026-04-26 05:17:30.05015+00,2026-04-26 05:17:30.05015+00
546ad3ba-cebb-4055-83e7-583cd8528c5b,10002,512,2026-04-24,Mañana,2026-04-19 21:49:18.097141+00,2026-04-19 21:49:18.097141+00
568433e7-32bc-4370-ab64-ad1c8d2f3b49,MAQ-9758,615,2026-04-21,Tarde,2026-04-19 21:49:17.894876+00,2026-04-19 21:49:17.894876+00
5686f063-88a8-4b6c-bf69-731d1fca4c95,9993,503,2026-04-23,Noche,2026-04-19 21:49:17.894876+00,2026-04-19 21:49:17.894876+00
56a0f539-3632-4284-9e93-57803329a0c1,9993,505,2026-04-27,Mañana,2026-04-26 05:17:30.05015+00,2026-04-26 05:17:30.05015+00
571a8098-f686-42d4-9fd7-d1e6def2cdf9,10000,500,2026-04-28,Noche,2026-04-26 05:17:30.05015+00,2026-04-26 05:17:30.05015+00
57d87439-bdb8-46fa-9d44-f2965ef85b8c,10002,514,2026-04-24,Noche,2026-04-19 21:49:18.097141+00,2026-04-19 21:49:18.097141+00
582f1b76-bb32-411f-a6eb-c2388fc51591,MAQ-5357,615,2026-04-27,Mañana,2026-04-26 05:17:30.05015+00,2026-04-26 05:17:30.05015+00
5882ddac-5dd0-4aeb-b5b7-dfd742bd2d36,MAQ-5357,608,2026-04-23,Tarde,2026-04-19 21:49:17.894876+00,2026-04-19 21:49:17.894876+00
58c17194-5da6-4e2e-ad47-4c97ad16a3f0,10003,617,2026-04-22,Tarde,2026-04-19 21:49:17.894876+00,2026-04-19 21:49:17.894876+00
59a887ee-92e2-42db-a023-acf3fcb75662,9995,509,2026-04-22,Noche,2026-04-19 21:49:17.894876+00,2026-04-19 21:49:17.894876+00
5a3f7a04-459b-4218-b7a1-0a0ab8a7e5b9,MAQ-5357,613,2026-04-27,Noche,2026-04-26 05:17:30.05015+00,2026-04-26 05:17:30.05015+00
5a40da4a-152b-4be3-b953-3262d5b2a625,9992,606,2026-04-23,Tarde,2026-04-19 21:49:17.894876+00,2026-04-19 21:49:17.894876+00
5ab72c3b-1d40-43b3-9fd2-411e7453455e,MAQ-5357,615,2026-04-21,Tarde,2026-04-19 21:49:17.894876+00,2026-04-19 21:49:17.894876+00
5ad7d4ad-5b1f-48a9-9ef0-22c298fd43c1,9992,606,2026-04-25,Tarde,2026-04-19 21:49:17.894876+00,2026-04-19 21:49:17.894876+00
5b3c1dda-f929-4597-a6ba-883dd45a7a97,MAQ-5357,615,2026-04-25,Mañana,2026-04-19 21:49:17.894876+00,2026-04-19 21:49:17.894876+00
5b9b0db4-426f-4377-bdce-c8898bae7ea9,9992,609,2026-04-25,Mañana,2026-04-19 21:49:17.894876+00,2026-04-19 21:49:17.894876+00
5ca7e900-3f19-46b1-9a9d-e0be770d70ff,MAQ-9758,613,2026-04-21,Noche,2026-04-19 21:49:17.894876+00,2026-04-19 21:49:17.894876+00
5d8cd3e4-46ec-42d6-877a-d75c1b2fa4a0,MAQ-9758,613,2026-04-30,Tarde,2026-04-26 05:17:30.05015+00,2026-04-26 05:17:30.05015+00
5d91c1bb-710c-464d-9dbb-c93e0d92c10f,9993,604,2026-04-30,Mañana,2026-04-26 05:17:30.05015+00,2026-04-26 05:17:30.05015+00
5e98dfed-849f-47ce-a79b-e7ab1b7a9502,9998,501,2026-04-24,Noche,2026-04-19 21:49:17.894876+00,2026-04-19 21:49:17.894876+00
5fe15c29-dabf-449e-aa5c-1ea9bac33fa8,10000,500,2026-04-24,Tarde,2026-04-19 21:49:17.894876+00,2026-04-19 21:49:17.894876+00
60016174-7a9a-4dd5-ad5a-55ddc0aaa3f3,9993,505,2026-05-01,Mañana,2026-04-26 05:17:30.05015+00,2026-04-26 05:17:30.05015+00
611c4cd4-bebd-4ffc-9b74-6bfaaad70074,10003,601,2026-04-21,Noche,2026-04-19 21:49:17.894876+00,2026-04-19 21:49:17.894876+00
61c1b510-cc6c-4182-8187-b72098afab90,10003,616,2026-04-24,Mañana,2026-04-19 21:49:17.894876+00,2026-04-19 21:49:17.894876+00
625506e0-2719-4c1f-affb-27dbe05d2a50,10001,508,2026-04-22,Tarde,2026-04-19 21:49:17.894876+00,2026-04-19 21:49:17.894876+00
62b80a42-3e23-4beb-a203-e746503dd0d6,10000,500,2026-05-01,Noche,2026-04-26 05:17:30.05015+00,2026-04-26 05:17:30.05015+00
63761e64-b015-4d41-855a-521a2945ed8c,9992,609,2026-04-24,Mañana,2026-04-19 21:49:17.894876+00,2026-04-19 21:49:17.894876+00
6434d9e2-a245-4d6c-9ba9-24d3b78bc081,10002,503,2026-05-01,Noche,2026-04-26 05:17:30.05015+00,2026-04-26 05:17:30.05015+00
6446185b-6044-4686-95b1-ca0e2f6ec0eb,10002,512,2026-05-01,Mañana,2026-04-26 05:17:30.322489+00,2026-04-26 05:17:30.322489+00
64b1f9f3-1d49-45c9-9341-d6625ba2f081,9997,513,2026-04-29,Noche,2026-04-26 05:17:30.05015+00,2026-04-26 05:17:30.05015+00
64f32ac2-5c77-4440-88b3-62e044469006,9996,511,2026-04-21,Mañana,2026-04-19 21:49:17.894876+00,2026-04-19 21:49:17.894876+00
653811ad-ed23-476f-92f1-a201d3e7b6b1,9993,504,2026-04-21,Mañana,2026-04-19 21:49:17.894876+00,2026-04-19 21:49:17.894876+00
65af8c24-3669-4daf-9f6c-be0aa30774f5,10004,503,2026-05-01,Noche,2026-04-26 05:17:30.05015+00,2026-04-26 05:17:30.05015+00
65c6bcda-13ca-4ce8-bc0a-db8e68a9c87d,10001,508,2026-05-01,Noche,2026-04-26 05:17:30.05015+00,2026-04-26 05:17:30.05015+00
666ef51f-8c64-495f-bdbc-cc196f6c7e2c,9999,503,2026-04-20,Noche,2026-04-19 21:49:17.894876+00,2026-04-19 21:49:17.894876+00
66a6ccd9-f62b-480e-9c23-4ad05a1fa3e5,9994,612,2026-04-23,Tarde,2026-04-19 21:49:17.894876+00,2026-04-19 21:49:17.894876+00
66b600bd-d383-4b86-89dc-179ec34421eb,9993,602,2026-04-29,Noche,2026-04-26 05:17:30.05015+00,2026-04-26 05:17:30.05015+00
673b5f2f-05cc-4b1e-bebe-764ae146dd03,9996,511,2026-05-01,Mañana,2026-04-26 05:17:30.05015+00,2026-04-26 05:17:30.05015+00
6897c3f7-8601-4dcc-a2a5-d6378a89662e,9994,600,2026-04-22,Mañana,2026-04-19 21:49:17.894876+00,2026-04-19 21:49:17.894876+00
68ee96f0-e44d-42d7-b301-a8f65319ee2e,10001,508,2026-04-29,Noche,2026-04-26 05:17:30.05015+00,2026-04-26 05:17:30.05015+00
69112ca5-fdf2-445b-be91-b0414d65ff9c,10004,512,2026-04-21,Tarde,2026-04-19 21:49:18.097141+00,2026-04-19 21:49:18.097141+00
698f993f-1eea-4cca-ab8b-224ee6bc19e1,9992,606,2026-05-01,Tarde,2026-04-26 05:17:30.05015+00,2026-04-26 05:17:30.05015+00
6bef3616-242b-44d0-9969-0b98e79a409b,9997,512,2026-04-28,Mañana,2026-04-26 05:17:30.05015+00,2026-04-26 05:17:30.05015+00
6cef972e-2025-45fd-a3bf-3208866b94e9,10000,500,2026-04-29,Noche,2026-04-26 05:17:30.05015+00,2026-04-26 05:17:30.05015+00
6d2a6b87-3899-469e-84f2-e5837cbed2e2,9998,500,2026-04-21,Tarde,2026-04-19 21:49:17.894876+00,2026-04-19 21:49:17.894876+00
6d3151e5-6780-4116-a4be-b9e2c494f6b0,9992,606,2026-04-29,Noche,2026-04-26 05:17:30.05015+00,2026-04-26 05:17:30.05015+00
6d47c37f-9e5b-4b1f-b53e-26ad2377b299,9997,512,2026-04-25,Mañana,2026-04-19 21:49:18.097141+00,2026-04-19 21:49:18.097141+00
6e70d6d3-f684-4236-8feb-c8614b9271f1,10000,501,2026-04-22,Noche,2026-04-19 21:49:17.894876+00,2026-04-19 21:49:17.894876+00
6e85a98b-9c49-41ef-847a-09eb8614944e,MAQ-5357,605,2026-04-22,Mañana,2026-04-19 21:49:17.894876+00,2026-04-19 21:49:17.894876+00
6f10e818-a900-4752-8294-41d2cd7d33df,9999,504,2026-04-22,Tarde,2026-04-19 21:49:17.894876+00,2026-04-19 21:49:17.894876+00
6f2d506b-473b-496c-a952-8ce4f0bcddff,10002,512,2026-04-30,Mañana,2026-04-26 05:17:30.322489+00,2026-04-26 05:17:30.322489+00
6f6f9406-a911-4b5f-b05f-d775b584ebc3,9993,504,2026-04-28,Tarde,2026-04-26 05:17:30.05015+00,2026-04-26 05:17:30.05015+00
7055bc70-13fa-4523-8eb1-dbb481947541,10003,604,2026-04-24,Noche,2026-04-19 21:49:17.894876+00,2026-04-19 21:49:17.894876+00
7071d875-7c33-4282-ba8e-c6614e3f3672,9998,501,2026-04-20,Noche,2026-04-19 21:49:17.894876+00,2026-04-19 21:49:17.894876+00
709cfc20-3c6b-441b-8b53-68963ac62628,MAQ-5357,613,2026-04-29,Mañana,2026-04-26 05:17:30.05015+00,2026-04-26 05:17:30.05015+00
714768d8-a62d-4f2e-8bde-036835955270,9997,514,2026-04-28,Tarde,2026-04-26 05:17:30.322489+00,2026-04-26 05:17:30.322489+00
71df88aa-7c01-4974-b506-26d4f4a8beb9,9993,504,2026-04-22,Tarde,2026-04-19 21:49:17.894876+00,2026-04-19 21:49:17.894876+00
7281a0ed-0243-4bc0-88df-684122218057,10002,512,2026-04-21,Tarde,2026-04-19 21:49:18.097141+00,2026-04-19 21:49:18.097141+00
72fd0e3c-490a-45a2-a4b7-82a2855b78c9,10001,508,2026-04-20,Tarde,2026-04-19 21:49:17.894876+00,2026-04-19 21:49:17.894876+00
73713764-b780-4d2f-83ab-92c19527007b,MAQ-5357,613,2026-05-01,Tarde,2026-04-26 05:17:30.05015+00,2026-04-26 05:17:30.05015+00
739f7e00-60ca-450e-9d52-b7304400b6b8,10004,514,2026-04-30,Tarde,2026-04-26 05:17:30.322489+00,2026-04-26 05:17:30.322489+00
73d7914a-9dfa-44cf-ae81-6da2b16d4017,MAQ-5357,615,2026-04-28,Noche,2026-04-26 05:17:30.05015+00,2026-04-26 05:17:30.05015+00
7477f342-4520-4182-965d-b56637e1b1bb,9999,503,2026-04-29,Noche,2026-04-26 05:17:30.05015+00,2026-04-26 05:17:30.05015+00
74ea4b78-9c5a-4d33-afe2-99bbe4d8258d,9996,510,2026-05-01,Noche,2026-04-26 05:17:30.05015+00,2026-04-26 05:17:30.05015+00
7570fc72-0e6d-4e4a-89c2-a4541a543a03,9992,614,2026-04-22,Mañana,2026-04-19 21:49:17.894876+00,2026-04-19 21:49:17.894876+00
76a0a853-f3c1-4b68-abd9-6549c77fd05c,9995,511,2026-04-20,Mañana,2026-04-19 21:49:17.894876+00,2026-04-19 21:49:17.894876+00
76eb8dcf-0a9a-45de-8564-76d5557d05f4,10004,512,2026-04-29,Mañana,2026-04-26 05:17:30.322489+00,2026-04-26 05:17:30.322489+00
7820322e-b9f9-41f7-92c7-14307491ff5a,9999,505,2026-05-01,Mañana,2026-04-26 05:17:30.05015+00,2026-04-26 05:17:30.05015+00
786489a5-9012-4607-b3c7-36be88cb87cb,9994,612,2026-04-28,Mañana,2026-04-26 05:17:30.05015+00,2026-04-26 05:17:30.05015+00
7918c8cb-1111-4649-bfb5-19aef0e57d30,9994,601,2026-04-23,Noche,2026-04-19 21:49:17.894876+00,2026-04-19 21:49:17.894876+00
7a147e48-99b8-41f8-8049-0e725da8b10a,9998,500,2026-04-30,Noche,2026-04-26 05:17:30.05015+00,2026-04-26 05:17:30.05015+00
7a51967a-2ef0-44db-81a9-6fb51529f7d1,10001,507,2026-04-22,Mañana,2026-04-19 21:49:17.894876+00,2026-04-19 21:49:17.894876+00
7a7c206e-16a3-4a36-bc01-4f735f1bccff,9992,610,2026-04-23,Noche,2026-04-19 21:49:17.894876+00,2026-04-19 21:49:17.894876+00
7b2d5194-89b6-4725-8032-b4d1cfe9d6fe,10002,513,2026-04-21,Mañana,2026-04-19 21:49:18.097141+00,2026-04-19 21:49:18.097141+00
7b68e1eb-d69d-4459-905f-dad36e3a5248,9997,512,2026-04-23,Mañana,2026-04-19 21:49:18.097141+00,2026-04-19 21:49:18.097141+00
7b7bc92c-8cd5-47fc-8c21-02bfef9d6d5f,MAQ-9758,613,2026-05-01,Tarde,2026-04-26 05:17:30.05015+00,2026-04-26 05:17:30.05015+00
7c420bfd-11a2-41e8-886e-07bfdc6182ab,10000,501,2026-04-23,Noche,2026-04-19 21:49:17.894876+00,2026-04-19 21:49:17.894876+00
7d4bc858-df9a-450d-9740-fdd6ba055fee,9992,614,2026-04-24,Noche,2026-04-19 21:49:17.894876+00,2026-04-19 21:49:17.894876+00
7e2e85d8-f30c-49f0-9331-77fd4b452601,10004,514,2026-04-20,Noche,2026-04-19 21:49:18.097141+00,2026-04-19 21:49:18.097141+00
7f07e176-f2a0-476a-a41c-39599f56ec46,9994,600,2026-04-24,Mañana,2026-04-19 21:49:17.894876+00,2026-04-19 21:49:17.894876+00
7f13fe52-5380-4c40-91b7-6be45b092f94,9991,606,2026-04-24,Tarde,2026-04-19 21:49:17.894876+00,2026-04-19 21:49:17.894876+00
7f248b97-a423-4402-977e-19dc4e7e08e3,9991,606,2026-04-25,Tarde,2026-04-19 21:49:17.894876+00,2026-04-19 21:49:17.894876+00
7feddbe6-0410-45eb-9afb-411d0159ee07,MAQ-5357,615,2026-04-24,Mañana,2026-04-19 21:49:17.894876+00,2026-04-19 21:49:17.894876+00
80a79875-054d-47bd-aefc-d91159ee0369,9992,609,2026-04-28,Mañana,2026-04-26 05:17:30.05015+00,2026-04-26 05:17:30.05015+00
81589bb2-0606-48a9-aa0c-93d876e336c7,10000,501,2026-04-21,Noche,2026-04-19 21:49:17.894876+00,2026-04-19 21:49:17.894876+00
817a2c5e-470e-4917-aed0-ea277a7020f7,MAQ-9758,605,2026-04-29,Tarde,2026-04-26 05:17:30.05015+00,2026-04-26 05:17:30.05015+00
81ba5af8-ce06-4bfa-8228-a6f53b5921d4,MAQ-9758,605,2026-04-24,Noche,2026-04-19 21:49:17.894876+00,2026-04-19 21:49:17.894876+00
831ca01b-a29d-4e38-8003-0aeffbd74299,9997,512,2026-04-24,Mañana,2026-04-19 21:49:18.097141+00,2026-04-19 21:49:18.097141+00
839bd7a4-4218-4c01-a0a8-96c6b373b30b,10000,501,2026-04-29,Mañana,2026-04-26 05:17:30.05015+00,2026-04-26 05:17:30.05015+00
83acd5ed-c4b0-4d5b-9e8c-1db815d33958,MAQ-9758,615,2026-04-29,Noche,2026-04-26 05:17:30.05015+00,2026-04-26 05:17:30.05015+00
83eea5ee-dbfd-4652-8fba-e0be6f276e61,10000,500,2026-04-30,Noche,2026-04-26 05:17:30.05015+00,2026-04-26 05:17:30.05015+00
84e54229-1d15-473b-bbd5-510c3166fd77,MAQ-9758,615,2026-04-20,Mañana,2026-04-19 21:49:17.894876+00,2026-04-19 21:49:17.894876+00
851537f5-d6d2-44a1-bc84-0e9aa198aa0c,10003,616,2026-04-22,Mañana,2026-04-19 21:49:17.894876+00,2026-04-19 21:49:17.894876+00
85d7fa9e-8f9b-4e90-8b09-2198dd623a7f,10003,604,2026-04-25,Noche,2026-04-19 21:49:17.894876+00,2026-04-19 21:49:17.894876+00
864f9bad-2e73-4e18-bd8d-72fb27a5f368,10003,600,2026-04-29,Noche,2026-04-26 05:17:30.05015+00,2026-04-26 05:17:30.05015+00
866884c3-b98a-4890-a6fc-8917a669cb38,10003,600,2026-04-30,Noche,2026-04-26 05:17:30.05015+00,2026-04-26 05:17:30.05015+00
87783afe-bda8-45db-9eee-be5490dc0927,10003,612,2026-04-28,Mañana,2026-04-26 05:17:30.05015+00,2026-04-26 05:17:30.05015+00
87c48b2f-b6c8-4e01-9647-0ce522623469,9994,600,2026-04-27,Noche,2026-04-26 05:17:30.05015+00,2026-04-26 05:17:30.05015+00
8844965f-d76f-4a00-901f-896c3e130c47,9992,606,2026-04-24,Tarde,2026-04-19 21:49:17.894876+00,2026-04-19 21:49:17.894876+00
89a45572-968c-42d8-b9f6-7f291e3f9d7e,9991,604,2026-04-27,Mañana,2026-04-26 05:17:30.05015+00,2026-04-26 05:17:30.05015+00
8ac7224f-f237-4cbe-b814-608e24090df8,9997,512,2026-04-30,Mañana,2026-04-26 05:17:30.322489+00,2026-04-26 05:17:30.322489+00
8bde1b19-a9ce-4629-9117-56480f4f11b5,10000,500,2026-04-23,Tarde,2026-04-19 21:49:17.894876+00,2026-04-19 21:49:17.894876+00
8c6b6956-5f18-4b8a-a040-2b6e24a0e3c0,9997,514,2026-05-01,Noche,2026-04-26 05:17:30.322489+00,2026-04-26 05:17:30.322489+00
8d6df71f-b2e3-48f7-9234-789a2415d463,9992,614,2026-04-23,Mañana,2026-04-19 21:49:17.894876+00,2026-04-19 21:49:17.894876+00
8ea8373d-8468-4441-950e-8cce165a050c,9992,614,2026-04-29,Tarde,2026-04-26 05:17:30.05015+00,2026-04-26 05:17:30.05015+00
8f5bb61b-dcba-4af2-9d5d-7c777af085a9,9991,610,2026-04-23,Noche,2026-04-19 21:49:17.894876+00,2026-04-19 21:49:17.894876+00
9077fb06-ff4a-48bd-a9b6-765d4a9cd267,9996,510,2026-04-29,Noche,2026-04-26 05:17:30.05015+00,2026-04-26 05:17:30.05015+00
90c95947-0c3e-4163-ae14-5459ea8aed29,9998,500,2026-04-29,Noche,2026-04-26 05:17:30.05015+00,2026-04-26 05:17:30.05015+00
922ef789-1940-4055-ba9f-aff8b5e018f3,9998,502,2026-04-22,Mañana,2026-04-19 21:49:17.894876+00,2026-04-19 21:49:17.894876+00
9264bdba-417e-4f95-8d35-4a23413f4581,10002,514,2026-04-29,Tarde,2026-04-26 05:17:30.322489+00,2026-04-26 05:17:30.322489+00
929f8b3c-9cce-45f7-9cb4-3b05fb936a33,9991,604,2026-04-21,Noche,2026-04-19 21:49:17.894876+00,2026-04-19 21:49:17.894876+00
93c2fe80-2ef2-4c9e-9fca-1c8a170f2aee,9993,616,2026-04-27,Noche,2026-04-26 05:17:30.05015+00,2026-04-26 05:17:30.05015+00
94190fa7-fb5d-4a67-87e0-93d8d7920a19,9999,505,2026-04-22,Mañana,2026-04-19 21:49:17.894876+00,2026-04-19 21:49:17.894876+00
942f4afd-6925-4f7e-896c-e81e8cd6a9c2,9997,514,2026-04-29,Tarde,2026-04-26 05:17:30.322489+00,2026-04-26 05:17:30.322489+00
946934ff-4c07-4e82-aa87-5bd6957f327e,9995,511,2026-04-30,Mañana,2026-04-26 05:17:30.05015+00,2026-04-26 05:17:30.05015+00
9538ab69-37bd-48bb-9606-ca112608cdb5,9992,614,2026-05-01,Mañana,2026-04-26 05:17:30.05015+00,2026-04-26 05:17:30.05015+00
959548c9-1429-4760-a0ae-57bf60254161,9991,617,2026-04-29,Mañana,2026-04-26 05:17:30.05015+00,2026-04-26 05:17:30.05015+00
95a77bf4-1ee2-4244-ae8e-a48c448d8c8a,9996,509,2026-04-24,Noche,2026-04-19 21:49:17.894876+00,2026-04-19 21:49:17.894876+00
95c4fe1c-0718-4147-b134-a5a725701c23,9993,503,2026-04-27,Noche,2026-04-26 05:17:30.05015+00,2026-04-26 05:17:30.05015+00
96346313-2370-443e-b097-ee9536e93f7e,10001,506,2026-05-01,Mañana,2026-04-26 05:17:30.05015+00,2026-04-26 05:17:30.05015+00
96b54a04-94e3-40ad-825e-69b2451ea0f4,MAQ-5357,605,2026-05-01,Mañana,2026-04-26 05:17:30.05015+00,2026-04-26 05:17:30.05015+00
975f906c-945b-4d49-8fbd-74f953820c04,10004,514,2026-04-21,Noche,2026-04-19 21:49:18.097141+00,2026-04-19 21:49:18.097141+00
983ac849-72bd-4b5b-90f3-329db591b87c,9992,606,2026-04-26,Tarde,2026-04-19 21:49:17.894876+00,2026-04-19 21:49:17.894876+00
993261a3-6037-49ad-b877-ea8d0494fbf6,9996,511,2026-04-30,Mañana,2026-04-26 05:17:30.05015+00,2026-04-26 05:17:30.05015+00
99f1fe3c-48c2-4aa9-bab2-9a2d4df0bd33,9995,510,2026-04-30,Noche,2026-04-26 05:17:30.05015+00,2026-04-26 05:17:30.05015+00
9a116b18-ff00-4c65-8062-7d0cd687eb62,9997,513,2026-04-28,Noche,2026-04-26 05:17:30.05015+00,2026-04-26 05:17:30.05015+00
9ba1a941-2118-42d2-b29f-8aa68a9a0c89,9994,600,2026-04-30,Noche,2026-04-26 05:17:30.05015+00,2026-04-26 05:17:30.05015+00
9bf3d748-1f1a-401a-afdb-2fd73e909307,10004,513,2026-04-22,Mañana,2026-04-19 21:49:18.097141+00,2026-04-19 21:49:18.097141+00
9c5e55df-9c27-4bc2-aae5-636e8d1df3aa,10003,601,2026-04-26,Mañana,2026-04-19 21:49:17.894876+00,2026-04-19 21:49:17.894876+00
9c6cc387-cc27-402d-97fa-d27ca4aba03c,9998,502,2026-04-23,Mañana,2026-04-19 21:49:17.894876+00,2026-04-19 21:49:17.894876+00
9c77ffbe-2afb-4bc4-a1bd-3f2c7af9240c,9999,503,2026-04-28,Noche,2026-04-26 05:17:30.05015+00,2026-04-26 05:17:30.05015+00
9cc96122-f1b4-4f6e-89cf-6a7561828e13,10004,512,2026-05-01,Mañana,2026-04-26 05:17:30.322489+00,2026-04-26 05:17:30.322489+00
9d28f4e8-d336-4c0e-96f6-b866cabe7858,9993,503,2026-04-24,Noche,2026-04-19 21:49:17.894876+00,2026-04-19 21:49:17.894876+00
9d81600c-1f1b-47f3-b927-0a0e4f642fcc,10003,601,2026-04-30,Tarde,2026-04-26 05:17:30.05015+00,2026-04-26 05:17:30.05015+00
9def18eb-41f9-48a0-b93d-d2cf23efe78f,9992,606,2026-04-28,Noche,2026-04-26 05:17:30.05015+00,2026-04-26 05:17:30.05015+00
9e1dd253-a422-459e-99c2-dedb07ee8432,10001,508,2026-04-24,Noche,2026-04-19 21:49:17.894876+00,2026-04-19 21:49:17.894876+00
9e918e09-4246-47be-a998-d128d464cd93,9997,514,2026-04-23,Noche,2026-04-19 21:49:18.097141+00,2026-04-19 21:49:18.097141+00
9e97259b-cda6-44c6-a530-3a67d9b334c3,9991,609,2026-04-28,Mañana,2026-04-26 05:17:30.05015+00,2026-04-26 05:17:30.05015+00
9f17e497-0a30-4e5f-84fc-13074c92cf89,MAQ-5357,605,2026-04-23,Mañana,2026-04-19 21:49:17.894876+00,2026-04-19 21:49:17.894876+00
9f6908ee-a087-4d37-b4f6-ee9dff4e46dc,9994,612,2026-04-22,Tarde,2026-04-19 21:49:17.894876+00,2026-04-19 21:49:17.894876+00
a062714d-ccce-4c70-b904-e6d2f030045d,MAQ-5357,608,2026-04-26,Tarde,2026-04-19 21:49:17.894876+00,2026-04-19 21:49:17.894876+00
a0be1ee1-3103-4cf9-8e8b-7c3769937c3b,10000,502,2026-04-24,Mañana,2026-04-19 21:49:17.894876+00,2026-04-19 21:49:17.894876+00
a1352a2e-aa56-43fa-998c-097db990ee3c,10004,513,2026-04-28,Noche,2026-04-26 05:17:30.05015+00,2026-04-26 05:17:30.05015+00
a15f82dd-ad11-40d5-b289-87e0bcc56b96,10001,507,2026-04-24,Mañana,2026-04-19 21:49:17.894876+00,2026-04-19 21:49:17.894876+00
a1a3284f-6c21-44f1-8997-47c833462613,9991,614,2026-04-22,Mañana,2026-04-19 21:49:17.894876+00,2026-04-19 21:49:17.894876+00
a1c7a4f8-06ca-41e3-980d-97d0205b1d72,9998,501,2026-04-30,Mañana,2026-04-26 05:17:30.05015+00,2026-04-26 05:17:30.05015+00
a1de4f69-529c-4236-988b-527008d13e89,10001,507,2026-04-21,Mañana,2026-04-19 21:49:17.894876+00,2026-04-19 21:49:17.894876+00
a37864d9-6323-4ebf-8bf2-d94ce447a6b3,10000,501,2026-05-01,Mañana,2026-04-26 05:17:30.05015+00,2026-04-26 05:17:30.05015+00
a3c181a4-36ed-4b0f-8d2f-7e07f35ac545,9991,606,2026-04-28,Noche,2026-04-26 05:17:30.05015+00,2026-04-26 05:17:30.05015+00
a3f37c38-6c95-480d-9b08-5d4925e7988a,10002,512,2026-04-23,Mañana,2026-04-19 21:49:18.097141+00,2026-04-19 21:49:18.097141+00
a4da70a0-6af9-4902-a3cc-d6bbf838e1d8,9998,500,2026-04-28,Noche,2026-04-26 05:17:30.05015+00,2026-04-26 05:17:30.05015+00
a4fe21d7-577d-41cc-94b5-bf6dca8be914,9996,513,2026-04-23,Mañana,2026-04-19 21:49:18.097141+00,2026-04-19 21:49:18.097141+00
a7d56713-f90c-447f-a17e-2c4076db8583,9997,503,2026-05-01,Noche,2026-04-26 05:17:30.05015+00,2026-04-26 05:17:30.05015+00
a8265da0-fe08-4663-bb2a-2a62ac41d034,9998,501,2026-04-27,Mañana,2026-04-26 05:17:30.05015+00,2026-04-26 05:17:30.05015+00
a8f4f8dc-a20f-4145-b19f-f18d64ff6863,10004,514,2026-04-29,Tarde,2026-04-26 05:17:30.322489+00,2026-04-26 05:17:30.322489+00
a9fb617e-15ca-442e-8101-9780f1e37f0d,9998,502,2026-04-20,Mañana,2026-04-19 21:49:17.894876+00,2026-04-19 21:49:17.894876+00
ab5a9590-f3e5-4d6a-b70a-08855d8038b4,10003,616,2026-04-23,Mañana,2026-04-19 21:49:17.894876+00,2026-04-19 21:49:17.894876+00
ab8031f7-70e6-4983-8135-4df336851b87,10003,600,2026-04-28,Noche,2026-04-26 05:17:30.05015+00,2026-04-26 05:17:30.05015+00
abb023ed-6833-4ac1-b2ba-64beb3157a62,10001,506,2026-04-28,Mañana,2026-04-26 05:17:30.05015+00,2026-04-26 05:17:30.05015+00
abd40dee-7276-4826-b509-1ab7b0fdab53,MAQ-5357,605,2026-04-24,Noche,2026-04-19 21:49:17.894876+00,2026-04-19 21:49:17.894876+00
ac2c725e-ccc1-4ba1-9492-6026ae048e93,10003,604,2026-04-22,Noche,2026-04-19 21:49:17.894876+00,2026-04-19 21:49:17.894876+00
ac78d0ee-8df4-4ec6-b9fe-0d0f6e470c57,9997,514,2026-04-30,Tarde,2026-04-26 05:17:30.322489+00,2026-04-26 05:17:30.322489+00
ad8610d0-47c8-4993-9f5b-ad56a9b9172f,10000,500,2026-04-21,Tarde,2026-04-19 21:49:17.894876+00,2026-04-19 21:49:17.894876+00
ae6018ee-6d6e-4ce5-acb2-ec425bf972a1,9996,509,2026-04-23,Noche,2026-04-19 21:49:17.894876+00,2026-04-19 21:49:17.894876+00
aed9d39a-f3a4-47eb-80af-795cd9152171,10001,508,2026-04-23,Tarde,2026-04-19 21:49:17.894876+00,2026-04-19 21:49:17.894876+00
af917a9e-9a16-42b1-9d2c-95a158db56c3,9999,505,2026-04-30,Mañana,2026-04-26 05:17:30.05015+00,2026-04-26 05:17:30.05015+00
b0792005-b24e-4f45-9cec-d69623b9551c,9995,513,2026-04-25,Mañana,2026-04-19 21:49:18.097141+00,2026-04-19 21:49:18.097141+00
b1b88ae4-d484-49dc-b3a4-2cc9782cf7ae,9999,505,2026-04-25,Mañana,2026-04-19 21:49:17.894876+00,2026-04-19 21:49:17.894876+00
b1ba2574-24c7-495f-ba0a-943ff63dec75,MAQ-5357,615,2026-04-29,Noche,2026-04-26 05:17:30.05015+00,2026-04-26 05:17:30.05015+00
b28b591e-48d2-49d5-ae9b-9d08b6cf0964,MAQ-9758,615,2026-04-24,Mañana,2026-04-19 21:49:17.894876+00,2026-04-19 21:49:17.894876+00
b2ad550a-1557-429a-9f94-59390f3cfefb,9993,504,2026-04-27,Tarde,2026-04-26 05:17:30.05015+00,2026-04-26 05:17:30.05015+00
b2d65ab2-ae08-4d97-bdc3-037a908dbb93,9991,602,2026-04-26,Tarde,2026-04-19 21:49:17.894876+00,2026-04-19 21:49:17.894876+00
b32c71cc-45b0-42b9-a81a-b48641500dea,9993,504,2026-04-23,Tarde,2026-04-19 21:49:17.894876+00,2026-04-19 21:49:17.894876+00
b3a94d7f-c89e-4e2e-b372-ada5d7290f18,10004,512,2026-04-23,Mañana,2026-04-19 21:49:18.097141+00,2026-04-19 21:49:18.097141+00
b3b768c0-6200-47e7-a0ef-676930964f4f,9994,600,2026-04-29,Noche,2026-04-26 05:17:30.05015+00,2026-04-26 05:17:30.05015+00
b3b9a774-e96d-4555-a262-768525d79150,9996,509,2026-05-01,Tarde,2026-04-26 05:17:30.05015+00,2026-04-26 05:17:30.05015+00
b4ab5996-ed5b-417b-ab9c-0b6105563f01,10002,513,2026-04-29,Noche,2026-04-26 05:17:30.05015+00,2026-04-26 05:17:30.05015+00
b5a1f50c-fdf9-45b2-ac95-c78664b699a9,9995,509,2026-04-20,Noche,2026-04-19 21:49:17.894876+00,2026-04-19 21:49:17.894876+00
b61707a8-3104-4a90-ae25-6d76d06ca18a,9999,503,2026-04-30,Noche,2026-04-26 05:17:30.05015+00,2026-04-26 05:17:30.05015+00
b662bea9-85ec-4ade-8f2d-1559102ea024,9996,509,2026-04-30,Tarde,2026-04-26 05:17:30.05015+00,2026-04-26 05:17:30.05015+00
b69b8505-ed05-4d87-812a-4a8b9b4ff44e,10000,501,2026-04-28,Mañana,2026-04-26 05:17:30.05015+00,2026-04-26 05:17:30.05015+00
b78ec5af-aada-442a-99df-50d311ab490b,9991,617,2026-04-26,Mañana,2026-04-19 21:49:17.894876+00,2026-04-19 21:49:17.894876+00
b84f396f-226a-4fe0-89fc-3c16168b4262,9995,509,2026-04-24,Noche,2026-04-19 21:49:17.894876+00,2026-04-19 21:49:17.894876+00
b9bc1210-0290-4e22-85af-34bf51c32a17,9993,617,2026-04-27,Mañana,2026-04-26 05:17:30.05015+00,2026-04-26 05:17:30.05015+00
ba3b2a9a-dce0-4586-a7a0-0d9a0df7501a,9994,601,2026-05-01,Tarde,2026-04-26 05:17:30.05015+00,2026-04-26 05:17:30.05015+00
ba462117-3aca-4e83-bcd5-16968fddacf6,10004,512,2026-04-27,Mañana,2026-04-26 05:17:30.05015+00,2026-04-26 05:17:30.05015+00
bb5ada60-017e-4f38-be0a-4a228a991ef0,MAQ-9758,613,2026-04-22,Noche,2026-04-19 21:49:17.894876+00,2026-04-19 21:49:17.894876+00
bc141752-3a78-40de-a5f1-f0298384fab7,9999,503,2026-04-24,Noche,2026-04-19 21:49:17.894876+00,2026-04-19 21:49:17.894876+00
bc628f17-bb77-4867-9012-b784bc7b31bf,10004,514,2026-04-28,Tarde,2026-04-26 05:17:30.322489+00,2026-04-26 05:17:30.322489+00
bcb8f36e-2d05-4194-bdd8-051c44c3aa4c,9996,511,2026-04-22,Mañana,2026-04-19 21:49:17.894876+00,2026-04-19 21:49:17.894876+00
bcebbb78-e5a8-48ca-ba94-11cb121817e6,9993,503,2026-04-21,Noche,2026-04-19 21:49:17.894876+00,2026-04-19 21:49:17.894876+00
bd1c2f30-923f-4cd7-9d66-1655c5328094,MAQ-9758,605,2026-04-27,Tarde,2026-04-26 05:17:30.05015+00,2026-04-26 05:17:30.05015+00
bdb63c76-97e0-4a65-86d2-c72e85a61ef7,10003,612,2026-05-01,Mañana,2026-04-26 05:17:30.05015+00,2026-04-26 05:17:30.05015+00
bdbb9212-0832-45eb-9c51-0e4cdfb5b06d,MAQ-5357,613,2026-04-25,Noche,2026-04-19 21:49:17.894876+00,2026-04-19 21:49:17.894876+00
bf055ba0-8e2d-4636-8c80-e9c98277f85f,9992,609,2026-05-01,Tarde,2026-04-26 05:17:30.05015+00,2026-04-26 05:17:30.05015+00
bf855212-87b8-445c-bc35-6957142a9a2a,10004,514,2026-05-01,Noche,2026-04-26 05:17:30.322489+00,2026-04-26 05:17:30.322489+00
c1354c7b-4ad7-418b-a3fd-1e41c6e5e665,9995,509,2026-05-01,Tarde,2026-04-26 05:17:30.05015+00,2026-04-26 05:17:30.05015+00
c264cf78-e72b-4226-a959-5f0f1354ce1a,MAQ-5357,615,2026-04-26,Mañana,2026-04-19 21:49:17.894876+00,2026-04-19 21:49:17.894876+00
c4bdf57d-c73f-4189-a6a0-289b498f2722,10003,604,2026-04-23,Noche,2026-04-19 21:49:17.894876+00,2026-04-19 21:49:17.894876+00
c4c01089-0452-4a1d-8b3f-374f633f5245,10002,514,2026-04-23,Noche,2026-04-19 21:49:18.097141+00,2026-04-19 21:49:18.097141+00
c4c1a188-789e-4355-87aa-0edfe839781d,9992,610,2026-04-30,Mañana,2026-04-26 05:17:30.05015+00,2026-04-26 05:17:30.05015+00
c562cf50-6069-41b2-904b-12bae619e0ae,9991,606,2026-04-22,Tarde,2026-04-19 21:49:17.894876+00,2026-04-19 21:49:17.894876+00
c6006c96-8466-489c-93cf-e77555f3261a,9995,510,2026-04-29,Noche,2026-04-26 05:17:30.05015+00,2026-04-26 05:17:30.05015+00
c65d332b-2f17-4a25-a85c-b48fc32bcff8,9997,512,2026-04-27,Mañana,2026-04-26 05:17:30.05015+00,2026-04-26 05:17:30.05015+00
c70e13ff-f749-4dff-a5fd-d517410669c3,9991,616,2026-04-29,Noche,2026-04-26 05:17:30.05015+00,2026-04-26 05:17:30.05015+00
c7e42fb3-1298-41ce-80e4-5756a36f2c03,10001,507,2026-04-25,Mañana,2026-04-19 21:49:17.894876+00,2026-04-19 21:49:17.894876+00
c7f9555b-6a68-4b4f-8694-9f18d916ec54,9998,500,2026-05-01,Noche,2026-04-26 05:17:30.05015+00,2026-04-26 05:17:30.05015+00
c8309746-defc-4b6c-a0ac-c17bf4e226c2,10003,602,2026-04-20,Noche,2026-04-19 21:49:17.894876+00,2026-04-19 21:49:17.894876+00
c83db903-97e8-48ab-ab4e-7d18fdc4ac51,10002,512,2026-04-25,Mañana,2026-04-19 21:49:18.097141+00,2026-04-19 21:49:18.097141+00
c9096ebc-fbd9-4e7c-b581-df8e57b0a8a2,9994,600,2026-04-25,Mañana,2026-04-19 21:49:17.894876+00,2026-04-19 21:49:17.894876+00
ca2c149e-77e0-4556-bd89-838075f419a0,9997,512,2026-04-21,Tarde,2026-04-19 21:49:18.097141+00,2026-04-19 21:49:18.097141+00
cb7ab2cd-257c-4fae-93d4-1ca274d0d804,9996,509,2026-04-29,Tarde,2026-04-26 05:17:30.05015+00,2026-04-26 05:17:30.05015+00
cb84d7fa-015b-47a7-8029-09d140852d68,9992,606,2026-04-22,Tarde,2026-04-19 21:49:17.894876+00,2026-04-19 21:49:17.894876+00
cc5920fb-eff5-4df4-b7c6-71beeae68b20,MAQ-9758,608,2026-04-26,Tarde,2026-04-19 21:49:17.894876+00,2026-04-19 21:49:17.894876+00
ccdce5a5-5dcf-47c1-a12d-cfc0cd9d3229,9999,503,2026-04-21,Noche,2026-04-19 21:49:17.894876+00,2026-04-19 21:49:17.894876+00
cd711722-8def-422d-a801-a2dce8dc24ba,9991,602,2026-04-27,Noche,2026-04-26 05:17:30.05015+00,2026-04-26 05:17:30.05015+00
cd974702-696d-4568-adb0-ca23fb018994,9991,614,2026-04-24,Noche,2026-04-19 21:49:17.894876+00,2026-04-19 21:49:17.894876+00
cde56647-7cf2-4006-ba39-31a24423eb2d,10003,617,2026-04-25,Mañana,2026-04-19 21:49:17.894876+00,2026-04-19 21:49:17.894876+00
cf49548f-bf49-4764-b7a7-390cdc99dffe,9991,609,2026-04-24,Mañana,2026-04-19 21:49:17.894876+00,2026-04-19 21:49:17.894876+00
cfc436c1-266a-494c-a48c-7b0e4d0c7595,9993,616,2026-05-01,Tarde,2026-04-26 05:17:30.05015+00,2026-04-26 05:17:30.05015+00
cfde5791-5930-464a-9dca-64d8def419d9,10001,506,2026-04-29,Mañana,2026-04-26 05:17:30.05015+00,2026-04-26 05:17:30.05015+00
d0486716-a33f-4028-9397-8b898094903a,9992,610,2026-04-25,Noche,2026-04-19 21:49:17.894876+00,2026-04-19 21:49:17.894876+00
d26f198f-6ca4-45a2-a273-0ad4fc5ea21f,9995,513,2026-04-23,Mañana,2026-04-19 21:49:18.097141+00,2026-04-19 21:49:18.097141+00
d2de0644-5a82-43d0-b2cc-f35cad95d550,10001,507,2026-04-23,Mañana,2026-04-19 21:49:17.894876+00,2026-04-19 21:49:17.894876+00
d326af5e-8b99-40c7-ae94-9aa6491fc035,9999,503,2026-04-23,Noche,2026-04-19 21:49:17.894876+00,2026-04-19 21:49:17.894876+00
d41e8704-bf5e-464f-a03f-6a6b4012895f,9996,510,2026-04-30,Noche,2026-04-26 05:17:30.05015+00,2026-04-26 05:17:30.05015+00
d4a88435-c4dd-4bb7-993d-1137c416c271,9994,612,2026-04-29,Mañana,2026-04-26 05:17:30.05015+00,2026-04-26 05:17:30.05015+00
d5a6ec33-168e-416c-8a59-c0ccc4ceb993,MAQ-9758,615,2026-04-30,Noche,2026-04-26 05:17:30.05015+00,2026-04-26 05:17:30.05015+00
d5b50e1d-e71e-4b2e-8d0a-570e4668c948,10002,512,2026-04-22,Tarde,2026-04-19 21:49:18.097141+00,2026-04-19 21:49:18.097141+00
d600f5a3-50ae-4f8a-8f95-18028178b168,10000,501,2026-04-24,Noche,2026-04-19 21:49:17.894876+00,2026-04-19 21:49:17.894876+00
d62a43dc-20ee-4c65-982b-03e8af481b49,9991,616,2026-04-30,Noche,2026-04-26 05:17:30.05015+00,2026-04-26 05:17:30.05015+00
d6a26df1-7564-4710-a9cd-e157c97ef722,9995,509,2026-04-28,Tarde,2026-04-26 05:17:30.05015+00,2026-04-26 05:17:30.05015+00
d6c337c0-6ca5-444a-a878-1be4ecaece89,MAQ-5357,608,2026-04-24,Tarde,2026-04-19 21:49:17.894876+00,2026-04-19 21:49:17.894876+00
d778e89d-f594-41ff-ad36-6a83f6f6e343,9993,504,2026-04-24,Tarde,2026-04-19 21:49:17.894876+00,2026-04-19 21:49:17.894876+00
d78b2f9b-8e09-4ed4-b197-5c146a2ca9de,9991,616,2026-04-21,Mañana,2026-04-19 21:49:17.894876+00,2026-04-19 21:49:17.894876+00
d7ff9e4e-3b9c-44b5-a175-fdf04896b88a,9991,610,2026-04-22,Noche,2026-04-19 21:49:17.894876+00,2026-04-19 21:49:17.894876+00
d81a85f3-60c1-4588-8f52-39c0dd95d1bd,9996,511,2026-04-29,Mañana,2026-04-26 05:17:30.05015+00,2026-04-26 05:17:30.05015+00
d99249cb-9214-4938-8d34-745bad9e6307,9993,505,2026-04-23,Mañana,2026-04-19 21:49:17.894876+00,2026-04-19 21:49:17.894876+00
d9a8e2b2-2a41-4827-8d30-9213e5433037,9991,614,2026-04-27,Tarde,2026-04-26 05:17:30.05015+00,2026-04-26 05:17:30.05015+00
d9c81f9a-f660-4135-a231-33b701d56b2d,9998,500,2026-04-27,Noche,2026-04-26 05:17:30.05015+00,2026-04-26 05:17:30.05015+00
da687bfe-8af9-43ce-b6a6-bcf787c0f200,MAQ-5357,605,2026-04-28,Tarde,2026-04-26 05:17:30.05015+00,2026-04-26 05:17:30.05015+00
dafd732d-f20b-4c68-b9c5-855732563759,9991,614,2026-04-23,Mañana,2026-04-19 21:49:17.894876+00,2026-04-19 21:49:17.894876+00
db4a3b30-ef3f-4d06-a7f5-075d9d0d3c28,10002,514,2026-04-20,Noche,2026-04-19 21:49:18.097141+00,2026-04-19 21:49:18.097141+00
db4bbbcb-32bc-4ba4-bc5f-9d69c6c24f20,9994,601,2026-04-30,Tarde,2026-04-26 05:17:30.05015+00,2026-04-26 05:17:30.05015+00
db7985bb-11af-428c-aeec-0f8fdcc764aa,9996,509,2026-04-22,Noche,2026-04-19 21:49:17.894876+00,2026-04-19 21:49:17.894876+00
dbfcb998-aeda-4c82-8b68-11174c45b496,9994,612,2026-04-24,Noche,2026-04-19 21:49:17.894876+00,2026-04-19 21:49:17.894876+00
dbfec576-5065-4d5e-8a5c-7280ce84548e,9998,500,2026-04-22,Tarde,2026-04-19 21:49:17.894876+00,2026-04-19 21:49:17.894876+00
dc263f7c-9ace-4160-b372-4e98c331121a,9992,609,2026-04-20,Mañana,2026-04-19 21:49:17.894876+00,2026-04-19 21:49:17.894876+00
dcc00b70-db9f-46c0-a22a-6933da68ade1,MAQ-5357,613,2026-04-26,Noche,2026-04-19 21:49:17.894876+00,2026-04-19 21:49:17.894876+00
de7d682b-86b4-4c4f-9c82-6cea63de7177,9999,505,2026-04-29,Mañana,2026-04-26 05:17:30.05015+00,2026-04-26 05:17:30.05015+00
dea92f2b-923c-4a86-b5bb-71527055c01b,9997,514,2026-04-20,Noche,2026-04-19 21:49:18.097141+00,2026-04-19 21:49:18.097141+00
dec3d210-a855-4f46-a8ac-c110f35ffef2,MAQ-9758,615,2026-04-27,Mañana,2026-04-26 05:17:30.05015+00,2026-04-26 05:17:30.05015+00
df7fa849-2ec1-44cc-bd9d-fbcb5bc46a8d,9992,614,2026-04-27,Tarde,2026-04-26 05:17:30.05015+00,2026-04-26 05:17:30.05015+00
df921e21-b2d7-4ca6-bfd8-d88764df585a,MAQ-9758,605,2026-04-28,Tarde,2026-04-26 05:17:30.05015+00,2026-04-26 05:17:30.05015+00
e18a2d81-17ab-4125-98f3-28ba3753ad97,MAQ-5357,605,2026-04-27,Tarde,2026-04-26 05:17:30.05015+00,2026-04-26 05:17:30.05015+00
e1c354d1-7671-4b7b-bd20-49a6f4f8ea7e,10003,612,2026-04-26,Noche,2026-04-19 21:49:17.894876+00,2026-04-19 21:49:17.894876+00
e1d0fc98-74d8-488c-a173-6591b9cf9511,9994,601,2026-04-20,Mañana,2026-04-19 21:49:17.894876+00,2026-04-19 21:49:17.894876+00
e1d4967f-3424-4939-9fb6-6ae6652b9df9,9995,513,2026-04-24,Mañana,2026-04-19 21:49:18.097141+00,2026-04-19 21:49:18.097141+00
e1df2dbe-132c-40d4-b3bc-2ee6c60b54cf,9996,509,2026-04-21,Noche,2026-04-19 21:49:17.894876+00,2026-04-19 21:49:17.894876+00
e28e68aa-7f11-466c-b096-15da3ba0ae72,9991,606,2026-04-23,Tarde,2026-04-19 21:49:17.894876+00,2026-04-19 21:49:17.894876+00
e2a2074a-1652-47f2-ae59-89058b382f58,9992,610,2026-04-27,Noche,2026-04-26 05:17:30.05015+00,2026-04-26 05:17:30.05015+00
e647cd2a-792d-4cc8-a575-beec5bd2e92a,9993,616,2026-04-28,Noche,2026-04-26 05:17:30.05015+00,2026-04-26 05:17:30.05015+00
e65a7485-df71-47fe-8330-31a253411b22,10000,500,2026-04-20,Tarde,2026-04-19 21:49:17.894876+00,2026-04-19 21:49:17.894876+00
e72ef8c4-ec9a-4293-8fec-2db3452616e1,9992,610,2026-04-22,Noche,2026-04-19 21:49:17.894876+00,2026-04-19 21:49:17.894876+00
e7494ff1-bcb9-4461-bda5-17052bb7bc16,MAQ-9758,615,2026-04-25,Mañana,2026-04-19 21:49:17.894876+00,2026-04-19 21:49:17.894876+00
e7938d11-c566-4094-a4e4-ccd27cbb52fa,10002,513,2026-04-28,Noche,2026-04-26 05:17:30.05015+00,2026-04-26 05:17:30.05015+00
e8dd5533-8207-459b-b79b-3cd640c595a9,MAQ-5357,613,2026-04-23,Noche,2026-04-19 21:49:17.894876+00,2026-04-19 21:49:17.894876+00
e92f708e-9fbb-4224-93a1-ce931317ae30,9995,510,2026-05-01,Noche,2026-04-26 05:17:30.05015+00,2026-04-26 05:17:30.05015+00
e9c7f76d-1234-4f41-b7bf-d5726ecabdc6,10000,501,2026-04-20,Noche,2026-04-19 21:49:17.894876+00,2026-04-19 21:49:17.894876+00
ea67e392-5b77-4b8c-96e6-388880353fec,9999,504,2026-04-24,Tarde,2026-04-19 21:49:17.894876+00,2026-04-19 21:49:17.894876+00
ea7bf9c2-3412-4726-9136-ab0de3f66c6e,9995,509,2026-04-21,Noche,2026-04-19 21:49:17.894876+00,2026-04-19 21:49:17.894876+00
eb9225ee-db18-41ed-a333-b5af57fb7c45,9998,501,2026-04-29,Mañana,2026-04-26 05:17:30.05015+00,2026-04-26 05:17:30.05015+00
ec43aad6-aff9-42f2-b015-8ffe28cce97f,9998,502,2026-04-24,Mañana,2026-04-19 21:49:17.894876+00,2026-04-19 21:49:17.894876+00
ec50a095-28a4-4846-9b9b-30862df24d85,9995,511,2026-04-21,Mañana,2026-04-19 21:49:17.894876+00,2026-04-19 21:49:17.894876+00
ec58870c-c394-4231-b3aa-f7e859a898a9,9993,503,2026-04-28,Noche,2026-04-26 05:17:30.05015+00,2026-04-26 05:17:30.05015+00
ec6e78fb-7d5e-4901-8b80-922c22e27b75,9992,609,2026-04-30,Tarde,2026-04-26 05:17:30.05015+00,2026-04-26 05:17:30.05015+00
ec98829d-e55f-4446-a7bf-95a54290d217,10002,512,2026-04-28,Mañana,2026-04-26 05:17:30.322489+00,2026-04-26 05:17:30.322489+00
ecfee84f-499c-4b3a-9a92-e90096c57b25,9992,606,2026-04-30,Noche,2026-04-26 05:17:30.05015+00,2026-04-26 05:17:30.05015+00
edb468a4-a840-4b0a-ae7a-89dad4875c30,10001,507,2026-05-01,Tarde,2026-04-26 05:17:30.05015+00,2026-04-26 05:17:30.05015+00
edfe312c-95e1-4119-a8ed-70e2917e5082,9993,504,2026-04-20,Mañana,2026-04-19 21:49:17.894876+00,2026-04-19 21:49:17.894876+00
ee1623b7-ca04-4819-ad93-f6bd5e15c5d7,MAQ-9758,608,2026-04-23,Tarde,2026-04-19 21:49:17.894876+00,2026-04-19 21:49:17.894876+00
ee1d398a-f8d5-4216-94e7-5e0df5175bea,10002,514,2026-04-30,Tarde,2026-04-26 05:17:30.322489+00,2026-04-26 05:17:30.322489+00
eebf5ed6-e836-45b3-86c8-10212d9dbf4a,10002,514,2026-05-01,Noche,2026-04-26 05:17:30.322489+00,2026-04-26 05:17:30.322489+00
ef2c64cf-6433-4857-bd9f-3a00ab8cd059,9995,511,2026-05-01,Mañana,2026-04-26 05:17:30.05015+00,2026-04-26 05:17:30.05015+00
f01101e4-f281-4ce1-bfbc-131517c6c907,9992,614,2026-04-28,Tarde,2026-04-26 05:17:30.05015+00,2026-04-26 05:17:30.05015+00
f0a9690a-a0ae-4810-b5d4-005347f91ba4,9992,610,2026-04-26,Noche,2026-04-19 21:49:17.894876+00,2026-04-19 21:49:17.894876+00
f0ad9f15-3f3a-4332-aad6-df8fdcb74704,MAQ-9758,608,2026-04-28,Mañana,2026-04-26 05:17:30.05015+00,2026-04-26 05:17:30.05015+00
f0ee6cb5-8185-41e8-92e1-42859cb78968,9998,501,2026-05-01,Mañana,2026-04-26 05:17:30.05015+00,2026-04-26 05:17:30.05015+00
f3795cd1-9790-4b2d-ac75-7e2b0581b36c,9999,504,2026-04-21,Mañana,2026-04-19 21:49:17.894876+00,2026-04-19 21:49:17.894876+00
f43a3e3b-d76e-4c4b-a2f2-4ad9fab1eb7c,9999,504,2026-04-30,Tarde,2026-04-26 05:17:30.05015+00,2026-04-26 05:17:30.05015+00
f5111f15-5020-4425-aae9-75b24908c082,9998,502,2026-04-21,Mañana,2026-04-19 21:49:17.894876+00,2026-04-19 21:49:17.894876+00
f60eb426-881e-45d5-b6a2-110f5fbf5e6b,9996,511,2026-04-28,Mañana,2026-04-26 05:17:30.05015+00,2026-04-26 05:17:30.05015+00
f6116328-6621-4081-9de8-b6bb2aea7b6a,9993,504,2026-05-01,Noche,2026-04-26 05:17:30.05015+00,2026-04-26 05:17:30.05015+00
f6f0820e-9a54-4ab8-a293-a4733fcae326,MAQ-5357,613,2026-04-30,Tarde,2026-04-26 05:17:30.05015+00,2026-04-26 05:17:30.05015+00
f73e0440-7808-4516-8e31-dde7da05b444,9998,500,2026-04-23,Tarde,2026-04-19 21:49:17.894876+00,2026-04-19 21:49:17.894876+00
f78a44d3-4e1e-43a2-a4a3-a85e33ae4a26,9997,513,2026-04-20,Mañana,2026-04-19 21:49:18.097141+00,2026-04-19 21:49:18.097141+00
f8d21f16-c0f7-4205-9b1a-a9454dccd6bf,10001,508,2026-04-28,Noche,2026-04-26 05:17:30.05015+00,2026-04-26 05:17:30.05015+00
f8f50c79-63c3-4f90-a627-3dd9d48b20cd,10000,502,2026-04-21,Mañana,2026-04-19 21:49:17.894876+00,2026-04-19 21:49:17.894876+00
f91cf352-7d89-4df6-b774-fe688752f6b2,9998,500,2026-04-24,Tarde,2026-04-19 21:49:17.894876+00,2026-04-19 21:49:17.894876+00
f978cb57-7994-4cdb-95a0-56b5f202af75,10004,512,2026-04-25,Mañana,2026-04-19 21:49:18.097141+00,2026-04-19 21:49:18.097141+00
fa693ffa-aac9-4b21-9f41-623473e6e351,10002,514,2026-04-28,Tarde,2026-04-26 05:17:30.322489+00,2026-04-26 05:17:30.322489+00
fa8c5871-8905-4dc2-8d76-f27022bac72a,9991,609,2026-04-25,Mañana,2026-04-19 21:49:17.894876+00,2026-04-19 21:49:17.894876+00
fab71107-dd95-4ff9-86a2-b2eab1ffa1b6,10003,602,2026-04-25,Tarde,2026-04-19 21:49:17.894876+00,2026-04-19 21:49:17.894876+00
fb16d6a0-9640-4e27-9795-c127f3163716,MAQ-9758,608,2026-04-22,Tarde,2026-04-19 21:49:17.894876+00,2026-04-19 21:49:17.894876+00
fb9b8f28-7821-4599-894b-ad2f8399e3b4,9997,514,2026-04-21,Noche,2026-04-19 21:49:18.097141+00,2026-04-19 21:49:18.097141+00
fd12333d-937b-4b03-b0d0-7fbaa744b97c,MAQ-9758,605,2026-04-22,Mañana,2026-04-19 21:49:17.894876+00,2026-04-19 21:49:17.894876+00
fd3f5fd1-43dd-46c0-ad34-26df50a71570,MAQ-9758,608,2026-04-24,Tarde,2026-04-19 21:49:17.894876+00,2026-04-19 21:49:17.894876+00
fd9dc40f-fa93-435e-b9f1-09a508fc534b,10000,500,2026-04-27,Noche,2026-04-26 05:17:30.05015+00,2026-04-26 05:17:30.05015+00
fda4ccf5-cbb8-4fe7-8ccf-b77c030da6eb,9994,600,2026-04-28,Noche,2026-04-26 05:17:30.05015+00,2026-04-26 05:17:30.05015+00
fdb4f72c-1733-4f38-8df6-552c24b27d75,9991,602,2026-05-01,Tarde,2026-04-26 05:17:30.05015+00,2026-04-26 05:17:30.05015+00
fe087cc0-b6e3-4424-bb63-775f230f1559,9994,612,2026-04-25,Noche,2026-04-19 21:49:17.894876+00,2026-04-19 21:49:17.894876+00
fe5a0a0f-6407-401d-9e87-dd4f97135fa1,MAQ-9758,605,2026-05-01,Mañana,2026-04-26 05:17:30.05015+00,2026-04-26 05:17:30.05015+00
ff0668f8-163a-4ddb-8d22-b61264dd2929,10004,512,2026-04-24,Mañana,2026-04-19 21:49:18.097141+00,2026-04-19 21:49:18.097141+00